Name,Path
Jimmy.Fallon,W:\Jimmy Fallon
mythbusters,W:\MythBusters
Mr.Robot.,W:\Mr.Robot
Under.the.Dome.,W:\Under the Dome
Better.call.saul.,W:\Better Call Saul
True.Detective,W:\True Detective
Lip.Sync.Battle.,W:\Lip Sync Battle
Pretty.Little,W:\Pretty Little Liars
Guardians.of.the.Galaxy.,W:\Guardians of the Galaxy
Narcos,W:\Narcos
fear.the.walking.dead.,W:\Fear the Walking Dead
Hawaii.Five-0.,W:\Hawaii.Five-0
Gotham.,W:\Gotham
Big.Bang.Theory,W:\The Big Bang Theroy
Scorpion,W:\Scorpion
The.Walking.Dead,W:\The Walking Dead
Minority.Report,W:\Modern Family
the.mindy.project,W:\The Mindy Project
Limitless,W:\Limitless
modern.family,W:\Modern Family
middle,W:\The Middle
suits,W:\Suits
new.girl,W:\New Girl
scandal,W:\Scandal (2012)
Simpsons,W:\Simpsons
Marvels.Agents.of.,W:\Marvels Agents of S.H.E.I.L.D
homeland,W:\Homeland
elementary,W:\Elementary
billions,W:\billions
Greys.Anatomy,W:\Greys Anatomy
archer,W:\Archer
NCIS.New.Orleans,W:\NCIS- New Orleans
ncis.los,W:\NCIS LA
Its.Always.Sunny.in.Philadelphia,W:\It's Always Sunny in Philadelphia
blacklist,W:\Blacklist
Broad.City,W:\Broad City
Ray.Donovan,W:\Ray Donovan
Downton.Abbey,W:\Downton Abbey
Night.Manager,W:\The Night Manager
Drunk.History.,W:\Drunk History
How.to.Get.Away.with.Murder.,W:\How to get away with Murder
The.Americans,W:\The Americans
marvels.daredevil,W:\Daredevil
duck.dynasty.,W:\Duck Dynasty
Wayward.Pines.,W:\Wayward Pines
Bosch.,W:\Bosch
Wentworth,W:\Wentworth
House.of.Lies.,W:\House of Lies
Outlander,W:\Outlander
Silicon.Valley.,W:\Silicon Valley
Game.of.Thrones,W:\Game of Thrones
Dragons,W:\Dreamworks Dragons
Horace.and.Pete,W:\Horace and Pete
The.Man.In.The.High.Castle,W:\The Man in the High Castle
The.Brink,W:\The Brink
Mozart.In.The.Jungle,W:\Mozart in the Jungle
The.Last.Ship,W:\The Last Ship
Person.of.Interest,W:\Person Of Interest
Last.Week.Tonight.With.John.Oliver,W:\Last Week Tonight with John Oliver
Paw.Patrol,W:\Paw Patrol
Chicago.Fire,W:\Chicago Fire
Chicago.PD,W:\Chicago PD
The.Dukes.Of.Hazzard,W:\The Dukes of Hazzard
Inside.Amy.Schumer.,W:\Inside Amy Schumer
Jake.and.the.neverland.pirates,W:\Jake and the neverland pirates
Tom.And.Jerry,W:\Tom and Jerry
Avatar.The.Last.Airbender,W:\Avatar The Last Airbender
Luther,W:\Luther
Entourage,W:\Entourage
PJ.Masks,W:\PJ Masks
Tyrant,W:\Tyrant
30rock,W:\30 Rock
30.rock,W:\30 Rock
spartan.ultimate.team,W:\Spartan- Ultimate Team Challenge
the.real.world.road,W:\The Challenge
Challenge,W:\The Challenge
unreal,W:\UnREAL
ballers,W:\Ballers
four.houses,W:\Four Houses
fixer.upper,W:\Fixer Upper
Magicians,W:\The magicians
the.magicians,W:\The magicians
Boardwalk.Empire,W:\Boardwalk Empire
southland,W:\Southland
clue,W:\Southland
csi.cyber,W:\CSI- Cyber
animal.kingdom,W:\Animal Kingdom (2016)
NCIS,W:\NCIS
doctor.who,W:\Doctor Who (2005)
doctor who,W:\Doctor Who (2005)
wizards.of.waverly.place,W:\Wizards of Waverly Place
top.gear,W:\Top Gear
top gear,W:\Top Gear
top.shot,W:\Top Shot
Anthony.Bourdain,W:\Anthony Bourdain
No.Reservations,W:\Anthony Bourdain
elena.of.avalor,W:\Elena of Avalor
george,W:\The George Carlin Show
american.horror,W:\American Horror Story
Law.and.Order.SVU,W:\Law & Order- Special Victims Unit
rick.and.morty,W:\Rick and Morty
Designated.Survivor,W:\Designated Survivor
Lethal.Weapon,W:\Lethal Weapon
too.old.for.these.bad.remakes,W:\Lethal Weapon
this.is.us,W:\This is us
thirtysomething,W:\Thirty Something
pitch,W:\Pitch
Quantico,W:\Quantico
atlanta,W:\Atlanta
Marvels.Luke.Cage,W:\Marvels Luke Cage
Timeless,W:\Timeless
Westworld,W:\Westworld
MacGyver,W:\MacGyver (2016)
Longmire,W:\Longmire
Criminal.Minds,W:\Criminal Minds
Bull,W:\Bull (2016)
Black.sails,W:\Black Sails